<?xml version="1.0" encoding="UTF-8"?>
<project-private xmlns="http://www.netbeans.org/ns/project-private/1">
    <editor-bookmarks xmlns="http://www.netbeans.org/ns/editor-bookmarks/2" lastBookmarkId="0"/>
    <open-files xmlns="http://www.netbeans.org/ns/projectui-open-files/2">
        <group>
            <file>file:/C:/Users/chanc/Documents/NetBeansProjects/FxmlTest/src/fxmltest/FXMLDocument.fxml</file>
            <file>file:/C:/Users/chanc/Documents/NetBeansProjects/FxmlTest/src/fxmltest/FxmlTest.java</file>
            <file>file:/C:/Users/chanc/Documents/NetBeansProjects/FxmlTest/src/fxmltest/Start.java</file>
            <file>file:/C:/Users/chanc/Documents/NetBeansProjects/FxmlTest/src/fxmltest/Board.java</file>
            <file>file:/C:/Users/chanc/Documents/NetBeansProjects/FxmlTest/DarkTheme.css</file>
            <file>file:/C:/Users/chanc/Documents/NetBeansProjects/FxmlTest/src/fxmltest/FXMLDocumentController.java</file>
        </group>
    </open-files>
</project-private>
