<?xml version="1.0" encoding="UTF-8"?>
<project-private xmlns="http://www.netbeans.org/ns/project-private/1">
    <editor-bookmarks xmlns="http://www.netbeans.org/ns/editor-bookmarks/2" lastBookmarkId="0"/>
    <open-files xmlns="http://www.netbeans.org/ns/projectui-open-files/2">
        <group>
            <file>file:/C:/Users/chanc/Documents/Computer%20Science/softwareEng2016/ChessWars/src/gameBoard.fxml</file>
            <file>file:/C:/Users/chanc/Documents/Computer%20Science/softwareEng2016/ChessWars/src/theme.css</file>
            <file>file:/C:/Users/chanc/Documents/Computer%20Science/softwareEng2016/ChessWars/src/main.fxml</file>
            <file>file:/C:/Users/chanc/Documents/Computer%20Science/softwareEng2016/ChessWars/src/ChessNavigator.java</file>
            <file>file:/C:/Users/chanc/Documents/Computer%20Science/softwareEng2016/ChessWars/src/multiplayer.fxml</file>
            <file>file:/C:/Users/chanc/Documents/Computer%20Science/softwareEng2016/ChessWars/src/Board.java</file>
            <file>file:/C:/Users/chanc/Documents/Computer%20Science/softwareEng2016/ChessWars/src/boardTheme.css</file>
            <file>file:/C:/Users/chanc/Documents/Computer%20Science/softwareEng2016/ChessWars/src/Chess2Controller.java</file>
            <file>file:/C:/Users/chanc/Documents/Computer%20Science/softwareEng2016/ChessWars/src/ChessWars.java</file>
            <file>file:/C:/Users/chanc/Documents/Computer%20Science/softwareEng2016/ChessWars/src/Chess1Controller.java</file>
        </group>
    </open-files>
</project-private>
