<?xml version="1.0" encoding="UTF-8"?>
<project-private xmlns="http://www.netbeans.org/ns/project-private/1">
    <editor-bookmarks xmlns="http://www.netbeans.org/ns/editor-bookmarks/2" lastBookmarkId="0"/>
    <open-files xmlns="http://www.netbeans.org/ns/projectui-open-files/2">
        <group>
            <file>file:/C:/Users/chanc/Desktop/ChessWars/src/chesswars/GameBoardController.java</file>
            <file>file:/C:/Users/chanc/Desktop/ChessWars/src/chesswars/Chess2Controller.java</file>
            <file>file:/C:/Users/chanc/Desktop/ChessWars/src/chesswars/MainController.java</file>
            <file>file:/C:/Users/chanc/Desktop/ChessWars/src/chesswars/ChessImageView.java</file>
            <file>file:/C:/Users/chanc/Desktop/ChessWars/src/chesswars/gameBoard.fxml</file>
            <file>file:/C:/Users/chanc/Desktop/ChessWars/src/chesswars/Focus.java</file>
            <file>file:/C:/Users/chanc/Desktop/ChessWars/src/chesswars/Piece.java</file>
            <file>file:/C:/Users/chanc/Desktop/ChessWars/src/chesswars/Board.java</file>
            <file>file:/C:/Users/chanc/Desktop/ChessWars/src/chesswars/startScreen.fxml</file>
        </group>
    </open-files>
</project-private>
